{
	"parent": "block/block",
	"textures": {
		"particle": "#side"
	},
	"elements": [
		{
			"name": "cage",
			"from": [0, 0, 0],
			"to": [16, 16, 16],
			"faces": {
				"north": {"uv": [0, 0, 16, 16], "texture": "#front", "cullface": "north"},
				"east": {"uv": [0, 0, 16, 16], "texture": "#side", "cullface": "east"},
				"south": {"uv": [0, 0, 16, 16], "texture": "#side", "cullface": "south"},
				"west": {"uv": [0, 0, 16, 16], "texture": "#side", "cullface": "west"},
				"up": {"uv": [0, 0, 16, 16], "texture": "#top", "cullface": "up"},
				"down": {"uv": [0, 0, 16, 16], "texture": "#bottom"}
			}
		},
		{
			"name": "cage_inverted_faces",
			"from": [15.998, 3.002, 0.002],
			"to": [0.002, 15.998, 15.998],
			"faces": {
				"north": {"uv": [16, 0, 0, 13], "texture": "#front"},
				"east": {"uv": [16, 0, 0, 13], "texture": "#side"},
				"south": {"uv": [16, 0, 0, 13], "texture": "#side"},
				"west": {"uv": [16, 0, 0, 13], "texture": "#side"},
				"up": {"uv": [16, 0, 0, 16], "texture": "#top"},
				"down": {"uv": [0, 0, 16, 16], "texture": "#bottom"}
			}
		}
	]
}
